sv_id	type	len	size_bin	synthetic	ac_true	n_sites	n_alleles	n_alleles_all	best_pos	best_reflen	pos_offset	len_ratio	exact_ac_present	exact_ac_anywhere	min_an
SV0000	DEL	1984	3000	False	6	1	1	1	29851	1985	-1	1.0005	1	1	20
SV0001	DEL	12478	10000	False	6	1	1	1	94408	12479	-1	1.0001	1	1	20
SV0002	DEL	186	100	False	2	1	1	1	154639	187	-1	1.0054	1	1	20
SV0003	DEL	1649	1000	False	2	1	1	1	159485	1650	-1	1.0006	1	1	20
SV0004	DEL	8531	10000	False	2	1	1	1	173351	8532	0	1.0001	1	1	20
SV0005	DEL	634	1000	False	2	1	1	1	196450	635	-1	1.0016	1	1	20
SV0006	DUP	57	100	False	8	1	1	1	259443	58	-1	1.0175	1	1	20
SV0007	DEL	332	300	False	9	1	1	1	314317	325	-81	0.9789	1	1	20
SV0008	DUP	55	100	False	3	1	1	1	316140	56	-1	1.0182	1	1	20
SV0009	DUP	102	100	False	4	1	1	1	321152	103	-1	1.0098	1	1	20
SV0010	DUP	33986	30000	False	7	6	1	6	330287	33987	1402	1.0	1	1	20
SV0011	DEL	3058	3000	False	3	1	1	1	371160	3059	-1	1.0003	1	1	20
SV0012	DEL	30000	30000	True	7	5	1	5	379491	30001	0	1.0	1	1	20
SV0013	DEL	1547	1000	False	5	1	1	1	413470	1548	1	1.0006	1	1	20
SV0014	DUP	30000	30000	True	7	8	1	8	379491	30001	-38218	1.0	1	1	20
SV0015	DEL	5068	10000	False	7	4	1	4	449463	5069	0	1.0002	1	1	20
SV0016	INV	30000	30000	True	4	2	1	2	501237	30000	0	1.0	0	0	20
SV0017	DUP	456	300	False	3	1	1	1	819144	457	455	1.0022	1	1	20
SV0018	DUP	219	300	False	6	1	1	1	848629	220	-1	1.0046	1	1	20
SV0019	DEL	6803	10000	False	3	1	1	1	852987	6804	-1	1.0001	1	1	20
SV0020	DUP	158	300	False	8	1	1	1	889151	159	-1	1.0063	1	1	20
SV0021	DEL	705	1000	False	4	1	1	1	912277	706	-1	1.0014	1	1	20
SV0022	DEL	2312	3000	False	4	1	1	1	915715	2313	-1	1.0004	1	1	20
SV0023	DEL	5103	3000	False	7	1	1	1	988292	5104	-1	1.0002	1	1	20
