pos	end	ref_len	n_alleles	ac_total	allele_lens	allele_acs
130336	130336	0	2	6	6000	6
208208	244597	36389	2	3	36389	3
294017	294772	754	2	5	20424	5
330674	333689	3014	2	5	0	5
348746	352009	3262	2	3	0	3
408073	408912	772	2	2	0	2
430861	430861	0	2	2	75	2
431481	431746	265	2	8	0	8
431956	431956	0	2	3	114	3
460509	462189	1680	2	4	0	4
572127	589515	17252	2	5	0	5
605235	615288	9999	2	8	0	8
626193	626446	253	2	6	0	6
661331	661331	0	2	9	154	9
738335	743867	5504	2	2	0	2
798472	798472	0	2	4	53	4
836275	836275	0	2	2	791	2
842134	875734	33440	2	8	0	8
923063	923779	697	2	4	0	4
947205	950326	3117	2	7	0	7
951944	953672	1726	2	5	3655	5
984757	992335	7567	2	6	23555	6
