sv_id	type	start	end	len	ac	af	gnomad_af	size_bin	synthetic	carriers
SV0000	DUP	10335	16335	6000	3	0.15	0.000233	10000	False	1,13,18
SV0001	DEL	40396	66644	26248	7	0.35	8e-06	30000	False	8,9,11,12,14,15,19
SV0002	DEL	82092	82145	53	2	0.1	8e-06	100	False	12,15
SV0003	DUP	92801	92959	158	11	0.55	1.6e-05	300	False	2,3,4,6,7,9,10,11,14,16,17
SV0004	DEL	106944	123003	16059	6	0.3	8e-06	30000	False	0,1,5,8,13,18
SV0005	DUP	127876	127979	103	3	0.15	8e-06	100	False	6,15,19
SV0006	DEL	200000	210335	10335	8	0.4	8e-06	10000	False	1,2,5,7,10,13,14,18
SV0007	DEL	292820	293728	908	2	0.1	7.1e-05	1000	False	0,6
SV0008	DEL	378844	378938	94	8	0.4	8e-06	100	False	1,4,10,11,12,13,16,18
SV0009	DEL	422647	431352	8705	2	0.1	8e-06	10000	False	13,18
SV0010	DUP	436335	442335	6000	8	0.4	8e-06	10000	False	0,3,6,8,9,15,17,19
SV0011	DEL	486419	488760	2341	3	0.15	0.001118	3000	False	2,10,17
SV0012	DUP	540335	546335	6000	7	0.35	8e-06	3000	False	2,3,4,7,11,14,17
SV0013	DUP	570335	576335	6000	6	0.3	1.6e-05	3000	False	2,3,5,15,16,17
SV0014	DUP	675622	675805	183	8	0.4	0.00575	300	False	1,5,8,9,13,16,18,19
SV0015	DEL	716694	717414	720	5	0.25	2.4e-05	1000	False	0,1,6,9,10
SV0016	DUP	772292	772924	632	2	0.1	1.6e-05	1000	False	13,18
SV0017	DEL	796670	828403	31733	4	0.2	4e-05	30000	False	6,7,13,18
SV0018	DEL	833006	834597	1591	4	0.2	8e-06	1000	False	1,2,12,19
SV0019	DEL	841889	841978	89	4	0.2	8e-06	100	False	1,2,12,19
SV0020	DEL	858025	858251	226	3	0.15	3.2e-05	300	False	3,4,11
SV0021	DEL	914300	929954	15654	6	0.3	8e-06	30000	False	0,10,11,13,17,18
SV0022	DEL	974550	974759	209	6	0.3	8e-06	300	False	0,6,8,10,13,18
SV0023	DUP	986335	992335	6000	4	0.2	6.4e-05	3000	False	4,12,14,15
