chr20	14000000	15000000	0.0000000	0.4685560
chr20	15000000	16000000	0.0000000	0.4232480
chr20	16000000	17000000	0.0000000	0.4963560
chr20	19000000	20000000	0.0000000	0.4667650
chr20	20000000	21000000	0.0000000	0.4331330
chr20	24000000	25000000	0.0000000	0.4682170
chr20	37000000	38000000	0.0000000	0.5511900
chr20	39000000	40000000	0.0000000	0.4976100
chr20	40000000	41000000	0.0000000	0.4859020
chr20	42000000	43000000	0.0000000	0.4937430
chr20	55000000	56000000	0.0000000	0.5393700
chr20	58000000	59000000	0.0000000	0.4240320
chr20	60000000	61000000	0.0000000	0.4716180
chr20	8000000	9000000	0.0000000	0.4447160
chr20	9000000	10000000	0.0000000	0.4608630
chr20	2000000	3000000	0.0010230	0.5983510
chr20	51000000	52000000	0.0010350	0.5586960
chr20	38000000	39000000	0.0010840	0.5251990
chr20	33000000	34000000	0.0012300	0.5647000
chr20	52000000	53000000	0.0012410	0.5287330
chr20	18000000	19000000	0.0012760	0.5936430
chr20	7000000	8000000	0.0017130	0.5121480
chr20	21000000	22000000	0.0017580	0.4967850
chr20	35000000	36000000	0.0024660	0.5733440
chr20	44000000	45000000	0.0025180	0.5749310
chr20	49000000	50000000	0.0026330	0.5795400
chr20	57000000	58000000	0.0028010	0.4405190
chr20	45000000	46000000	0.0029390	0.5941230
chr20	6000000	7000000	0.0030390	0.4735210
chr20	11000000	12000000	0.0036850	0.4883670
chr20	56000000	57000000	0.0037030	0.5476890
chr20	22000000	23000000	0.0038120	0.4708610
chr20	10000000	11000000	0.0040710	0.4203240
chr20	4000000	5000000	0.0040830	0.5573670
chr20	59000000	60000000	0.0042900	0.4214120
chr20	12000000	13000000	0.0043880	0.5571800
chr20	54000000	55000000	0.0045520	0.5385910
chr20	43000000	44000000	0.0049650	0.5767790
chr20	17000000	18000000	0.0050680	0.4704250
chr20	3000000	4000000	0.0051010	0.5340500
chr20	41000000	42000000	0.0055020	0.4963690
chr20	36000000	37000000	0.0066410	0.5683620
chr20	13000000	14000000	0.0118690	0.5177780
chr20	5000000	6000000	0.0119420	0.5765780
chr20	32000000	33000000	0.0148860	0.5541180
chr20	34000000	35000000	0.0167070	0.5838940
chr20	46000000	47000000	0.0255220	0.5320370
chr20	53000000	54000000	0.0296080	0.4983470
chr20	1000000	2000000	0.0326870	0.5652720
chr20	48000000	49000000	0.0621910	0.5497670
chr20	47000000	48000000	0.0777840	0.5633010
chr20	50000000	51000000	0.1089950	0.5493880
chr20	23000000	24000000	0.2110000	0.4931820
chr20	25000000	26000000	0.2528070	0.5649150
