chr16	0	1000000	0.0522650	0.3170500	0.01
chr16	1000000	2000000	0.0318720	0.3098250	0
chr16	2000000	3000000	0.1913340	0.3846040	0
chr16	3000000	4000000	0.0127160	0.4891430	0
chr16	4000000	5000000	0.0000000	0.4941110	0
chr16	5000000	6000000	0.1555610	0.5285210	0
chr16	6000000	7000000	0.0000000	0.4467690	0
chr16	7000000	8000000	0.0000000	0.3999080	0
chr16	8000000	9000000	0.0000000	0.5400230	0
chr16	9000000	10000000	0.0000000	0.5571040	0
chr16	10000000	11000000	0.0092620	0.6109690	0
chr16	11000000	12000000	0.0259630	0.5321000	0
chr16	12000000	13000000	0.0287550	0.5369200	0
chr16	13000000	14000000	0.0000000	0.5583850	0
chr16	14000000	15000000	0.3529700	0.5531490	0
chr16	15000000	16000000	0.3838530	0.5822840	0
chr16	16000000	17000000	0.5593500	0.5972040	0
chr16	17000000	18000000	0.0032570	0.5432250	0
chr16	18000000	19000000	0.7434240	0.5389040	0.05
chr16	19000000	20000000	0.0165390	0.6100980	0
chr16	20000000	21000000	0.1930660	0.5540720	0
chr16	21000000	22000000	0.4242680	0.5544180	0
chr16	22000000	23000000	0.1954080	0.5618680	0
chr16	23000000	24000000	0.0061770	0.5852790	0
chr16	24000000	25000000	0.0000000	0.5819120	0
chr16	25000000	26000000	0.0012590	0.6101200	0
chr16	26000000	27000000	0.0022620	0.5890150	0
chr16	27000000	28000000	0.0020570	0.5888130	0
chr16	28000000	29000000	0.3641400	0.5986610	0
chr16	29000000	30000000	0.6017000	0.5241780	0
chr16	30000000	31000000	0.1594060	0.5632500	0
chr16	31000000	32000000	0.2037000	0.6100480	0
chr16	32000000	33000000	0.9737240	0.5526590	0
chr16	33000000	34000000	0.8999170	0.4441680	0.1
chr16	34000000	35000000	0.5993290	0.4168580	0.104697
chr16	35000000	36000000	0.1084940	0.6555000	0
chr16	36000000	37000000	0.0963070	0.8409260	0.050642
chr16	37000000	38000000	0.0000000	0.9996480	0.0003
chr16	38000000	39000000	0.0000000	0.2738990	0.72608
chr16	39000000	40000000	0.0000000	0.0000000	1
chr16	40000000	41000000	0.0000000	0.0000000	1
chr16	41000000	42000000	0.0000000	0.0000000	1
chr16	42000000	43000000	0.0000000	0.0000000	1
chr16	43000000	44000000	0.0000000	0.0000000	1
chr16	44000000	45000000	0.0000000	0.0000000	1
chr16	45000000	46000000	0.0000000	0.0000000	1
chr16	46000000	47000000	0.0806930	0.3338720	0.380682
chr16	47000000	48000000	0.0032140	0.5824130	0
chr16	48000000	49000000	0.0029440	0.5580170	0
chr16	49000000	50000000	0.0000000	0.4534630	0
chr16	50000000	51000000	0.0016410	0.5092350	0
chr16	51000000	52000000	0.0075280	0.4328280	0
chr16	52000000	53000000	0.0039370	0.4980620	0
chr16	53000000	54000000	0.0251880	0.5186250	0
chr16	54000000	55000000	0.0000000	0.4518470	0
chr16	55000000	56000000	0.1352390	0.5130920	0
chr16	56000000	57000000	0.0084280	0.4618980	0
chr16	57000000	58000000	0.0010910	0.4906580	0
chr16	58000000	59000000	0.0022650	0.5795480	0
chr16	59000000	60000000	0.0000000	0.5395690	0
chr16	60000000	61000000	0.0039170	0.4967260	0
chr16	61000000	62000000	0.0010430	0.4382960	0
chr16	62000000	63000000	0.0000000	0.4891710	0
chr16	63000000	64000000	0.0014960	0.5091520	0
chr16	64000000	65000000	0.0014660	0.4817860	0
chr16	65000000	66000000	0.0000000	0.4182530	0
chr16	66000000	67000000	0.0071480	0.4846690	0
chr16	67000000	68000000	0.0069270	0.4386730	0
chr16	68000000	69000000	0.0000000	0.5399230	0
chr16	69000000	70000000	0.0590460	0.5438020	0
chr16	70000000	71000000	0.4224870	0.5147620	0
chr16	71000000	72000000	0.1771140	0.5267760	0
chr16	72000000	73000000	0.0282080	0.5003620	0
chr16	73000000	74000000	0.0010420	0.3956110	0
chr16	74000000	75000000	0.1386290	0.5536230	0
chr16	75000000	76000000	0.0079730	0.5749120	0
chr16	76000000	77000000	0.0000000	0.4863000	0
chr16	77000000	78000000	0.0000000	0.4746380	0
chr16	78000000	79000000	0.0016890	0.3964330	0
chr16	79000000	80000000	0.0000000	0.3684960	0
chr16	80000000	81000000	0.0030720	0.5097100	0
chr16	81000000	82000000	0.0020200	0.5210250	0
chr16	82000000	83000000	0.0000000	0.4827760	0
chr16	83000000	84000000	0.0000000	0.4406880	0
chr16	84000000	85000000	0.0020610	0.4970260	0
chr16	85000000	86000000	0.0086660	0.3909810	0
chr16	86000000	87000000	0.0000000	0.4107120	0
chr16	87000000	88000000	0.1429680	0.4427890	0
chr16	88000000	89000000	0.2239530	0.2884270	1e-06
chr16	89000000	90000000	0.0057350	0.3844300	0
chr16	90000000	90338345	0.4983079	0.3183851	0.325112
