chrom	bubble_pos	event_id	event_size_bp	n_ref_nodes	gap_ref_nodes	left_node	right_node	an	n_alt_alleles	n_event_alleles	n_exact_subgroups	size_spread_bp	true_copies	true_af	event_max_ac	event_max_af	raw_af_ratio	wave_n_records	wave_best_copies	wave_best_af	wave_best_recall	wave_union_copies	wave_recall	wave_records_for_90pct	wave_dup_haps	wave_extra_haps	carrier_del_bp	other_del_bp	dispersal_ratio	n_uncalled	verdict
chr20	1580561	110076117_110076352	33050	160	159	110076117	110076352	463	41	1	1	0	384	0.8294	384	0.8294	1.0	1	384	0.8294	1.0	384	1.0	1	0	0	33050	0	1.0	0	RECOVERED
chr20	12731298	110576998_110577166	4889	1752	115	110576998	110577166	463	445	5	1	3	5	0.0108	1	0.0022	5.0	1	5	0.0108	1.0	5	1.0	1	0	0	4906	10	1.001	0	RECOVERED
chr20	14738179	110652339_110655516	71278	2074	2073	110652339	110655516	463	418	2	2	25882	2	0.0043	1	0.0022	2.0	2	1	0.0022	0.5	2	1.0	2	0	0	84219	8	1.181	0	FRAGMENTED
chr20	16585795	110732332_110733232	20335	602	601	110732332	110733232	463	176	1	1	0	4	0.0086	4	0.0086	1.0	1	4	0.0086	1.0	4	1.0	1	0	0	20335	1	1.0	0	RECOVERED
chr20	25783205	111144578_112737255	61963	1177	764	111144578	112737255	461	328	84	1	36	216	0.4685	25	0.0542	8.64	4	200	0.4338	0.9259	216	1.0	1	0	0	61964	19	1.0	0	FRAGMENTED
chr20	25936878	112727994_112725785	26249	1208	1207	112727994	112725785	460	344	68	1	214	111	0.2413	19	0.0413	5.842	0	0	0.0	0.0	0	0.0	0	0	0	47145	12	1.796	0	RESCALED
chr20	25984965	112722788_112721845	4940	3722	467	112722788	112721845	459	434	92	1	1693	92	0.2004	1	0.0022	92.0	0	0	0.0	0.0	0	0.0	0	0	0	17842	77	3.596	0	RESCALED
chr20	25984965	112725466_112719471	72227	3722	3721	112725466	112719471	459	434	1	1	0	19	0.0414	19	0.0414	1.0	1	19	0.0414	1.0	19	1.0	1	0	0	72299	82	1.0	0	RECOVERED
chr20	26084873	112714125_112714074	1544	2932	34	112714125	112714074	462	444	65	1	36	72	0.1558	3	0.0065	24.0	1	72	0.1753	1.0	72	1.0	1	0	9	1600	21	1.023	0	RECOVERED
chr20	26084873	112713459_112713300	3869	2932	106	112713459	112713300	462	444	2	1	6	2	0.0043	1	0.0022	2.0	1	2	0.0043	1.0	2	1.0	1	0	0	3925	25	1.008	0	RECOVERED
chr20	28948271	111823255_111807984	54601	2188	1580	111823255	111807984	363	291	24	3	3742	66	0.1818	16	0.0441	4.125	0	0	0.0	0.0	0	0.0	0	0	0	0	7492	-0.137	0	ABSENT
chr20	28948271	111822236_111820427	36778	2188	274	111822236	111820427	363	291	123	2	33696	136	0.3747	3	0.0083	45.333	0	0	0.0	0.0	0	0.0	0	0	0	7492	173	0.199	0	ABSENT
chr20	28948271	111812491_111812151	27418	2188	232	111812491	111812151	363	291	5	1	11568	5	0.0138	1	0.0028	5.0	0	0	0.0	0.0	0	0.0	0	0	0	7492	7492	0.0	0	ABSENT
chr20	28948271	111812848_111807177	42205	2188	519	111812848	111807177	363	291	12	2	33696	13	0.0358	2	0.0055	6.5	0	0	0.0	0.0	0	0.0	0	0	0	7500	7492	0.0	0	ABSENT
chr20	28948271	111819460_111807177	47821	2188	662	111819460	111807177	363	291	7	1	491	8	0.022	2	0.0055	4.0	0	0	0.0	0.0	0	0.0	0	0	0	7500	7492	0.0	0	ABSENT
chr20	28948271	111822204_111820456	26293	2188	229	111822204	111820456	363	291	4	1	16847	4	0.011	1	0.0028	4.0	0	0	0.0	0.0	0	0.0	0	0	0	1875	7492	-0.214	0	ABSENT
chr20	28948271	111823255_111807188	51563	2188	1762	111823255	111807188	363	291	31	2	9457	43	0.1185	9	0.0248	4.778	0	0	0.0	0.0	0	0.0	0	0	0	0	7492	-0.145	0	ABSENT
chr20	28948271	111812467_111807177	36419	2188	455	111812467	111807177	363	291	2	1	3404	2	0.0055	1	0.0028	2.0	0	0	0.0	0.0	0	0.0	0	0	0	7500	7492	0.0	0	ABSENT
chr20	28948271	111813456_111807177	43141	2188	597	111813456	111807177	363	291	8	2	5616	8	0.022	1	0.0028	8.0	0	0	0.0	0.0	0	0.0	0	0	0	7500	7492	0.0	0	ABSENT
chr20	28948271	111822210_111812952	49867	2188	668	111822210	111812952	363	291	2	1	1	2	0.0055	1	0.0028	2.0	0	0	0.0	0.0	0	0.0	0	0	0	4	7492	-0.15	0	ABSENT
chr20	28948271	111819460_111807574	49348	2188	624	111819460	111807574	363	291	3	1	3	4	0.011	2	0.0055	2.0	0	0	0.0	0.0	0	0.0	0	0	0	7652	7492	0.003	0	ABSENT
chr20	28948271	111823601_111807188	57187	2188	1970	111823601	111807188	363	291	1	1	0	2	0.0055	2	0.0055	1.0	0	0	0.0	0.0	0	0.0	0	0	0	0	7492	-0.131	0	ABSENT
chr20	29122452	111204128_111204287	83986	53914	100	111204128	111204287	49	49	9	1	5546	9	0.1837	1	0.0204	9.0	0	0	0.0	0.0	0	0.0	0	0	0	7133	5031	0.025	0	ABSENT
chr20	29122452	111791802_115481034	71425	53914	84	111791802	115481034	49	49	40	1	11720	40	0.8163	1	0.0204	40.0	0	0	0.0	0.0	0	0.0	0	0	0	4989	5040	-0.001	0	ABSENT
chr20	29937062	111832808_111833031	7181	259	61	111832808	111833031	52	22	2	1	0	2	0.0385	1	0.0192	2.0	1	2	0.0385	1.0	2	1.0	1	0	0	7181	9915	-0.381	0	RECOVERED
chr20	29937062	111832579_111833041	9915	259	224	111832579	111833041	52	22	7	2	1367	16	0.3077	5	0.0962	3.2	3	7	0.1346	0.4375	16	1.0	3	0	0	9915	10428	-0.052	0	FRAGMENTED
chr20	29937062	111832584_111832824	5811	259	166	111832584	111832824	52	22	9	2	4105	9	0.1731	1	0.0192	9.0	1	5	0.0962	0.5556	5	0.5556	1	0	0	5814	10428	-0.794	0	PARTIAL
chr20	29937062	111832496_111833045	10428	259	258	111832496	111833045	52	22	1	1	0	22	0.4231	22	0.4231	1.0	1	22	0.4231	1.0	22	1.0	1	0	0	10428	8548	0.18	0	RECOVERED
chr20	29937062	111832714_111832728	1707	259	14	111832714	111832728	52	22	2	1	0	2	0.0385	1	0.0192	2.0	2	1	0.0192	0.5	2	1.0	2	0	1	1714	9915	-4.804	0	FRAGMENTED
chr20	29948097	111843005_111850940	102697	7085	3085	111843005	111850940	49	49	20	2	52626	20	0.4082	1	0.0204	20.0	0	0	0.0	0.0	0	0.0	0	0	0	18810	0	0.183	0	ABSENT
chr20	29948097	111838588_111843382	125499	7085	1516	111838588	111843382	49	49	3	1	15209	3	0.0612	1	0.0204	3.0	0	0	0.0	0.0	0	0.0	0	0	0	1694	0	0.013	0	ABSENT
chr20	29948097	111843005_111851112	113113	7085	3199	111843005	111851112	49	49	5	1	14085	5	0.102	1	0.0204	5.0	0	0	0.0	0.0	0	0.0	0	0	0	19548	0	0.173	0	ABSENT
chr20	29948097	111838589_111843111	114565	7085	1376	111838589	111843111	49	49	2	1	1373	2	0.0408	1	0.0204	2.0	0	0	0.0	0.0	0	0.0	0	0	0	4155	0	0.036	0	ABSENT
chr20	29948097	111838589_111851112	142311	7085	4494	111838589	111851112	49	49	2	1	677	2	0.0408	1	0.0204	2.0	0	0	0.0	0.0	0	0.0	0	0	0	1367	0	0.01	0	ABSENT
chr20	29948097	111845333_111851112	142996	7085	2050	111845333	111851112	49	49	3	1	1372	3	0.0612	1	0.0204	3.0	0	0	0.0	0.0	0	0.0	0	0	0	1931	0	0.014	0	ABSENT
chr20	29948097	111843005_111852772	108666	7085	3607	111843005	111852772	49	49	2	2	2217	2	0.0408	1	0.0204	2.0	0	0	0.0	0.0	0	0.0	0	0	0	18648	0	0.172	0	ABSENT
chr20	29948097	111837150_111844990	130548	7085	2815	111837150	111844990	49	49	2	1	510	2	0.0408	1	0.0204	2.0	0	0	0.0	0.0	0	0.0	0	0	0	14130	0	0.108	0	ABSENT
chr20	29948097	111833423_111842629	182745	7085	3089	111833423	111842629	49	49	2	1	1367	2	0.0408	1	0.0204	2.0	0	0	0.0	0.0	0	0.0	0	0	0	165	0	0.001	0	ABSENT
chr20	31062543	111935482_111935924	1130	145	144	111935482	111935924	211	89	1	1	0	10	0.0474	10	0.0474	1.0	1	10	0.0474	1.0	10	1.0	1	0	0	1130	5	0.996	0	RECOVERED
chr20	31064314	111940034_112046527	12628	1776	84	111940034	112046527	209	209	23	1	33466	23	0.11	1	0.0048	23.0	0	0	0.0	0.0	0	0.0	0	0	0	77	40	0.003	0	ABSENT
chr20	61714214	113483035_113484884	27445	1171	1170	113483035	113484884	463	426	1	1	0	2	0.0043	2	0.0043	1.0	1	2	0.0043	1.0	2	1.0	1	0	0	27445	40	0.999	0	RECOVERED
